<?xml version="1.0" encoding="UTF-8"?>
<config xmlns="http://www.knime.org/2008/09/XMLConfig" xmlns:xsi="http://www.w3.org/2001/XMLSchema-instance" xsi:schemaLocation="http://www.knime.org/2008/09/XMLConfig http://www.knime.org/XMLConfig_2008_09.xsd" key="MiningSchema">
    <config key="learning">
        <entry key="array-size" type="xint" value="9"/>
        <entry key="0" type="xstring" value="ph"/>
        <entry key="1" type="xstring" value="Hardness"/>
        <entry key="2" type="xstring" value="Solids"/>
        <entry key="3" type="xstring" value="Chloramines"/>
        <entry key="4" type="xstring" value="Sulfate"/>
        <entry key="5" type="xstring" value="Conductivity"/>
        <entry key="6" type="xstring" value="Organic_carbon"/>
        <entry key="7" type="xstring" value="Trihalomethanes"/>
        <entry key="8" type="xstring" value="Turbidity"/>
    </config>
    <config key="target">
        <entry key="array-size" type="xint" value="1"/>
        <entry key="0" type="xstring" value="Potability"/>
    </config>
</config>
