<?xml version="1.0" encoding="UTF-8"?>
<config xmlns="http://www.knime.org/2008/09/XMLConfig" xmlns:xsi="http://www.w3.org/2001/XMLSchema-instance" xsi:schemaLocation="http://www.knime.org/2008/09/XMLConfig http://www.knime.org/XMLConfig_2008_09.xsd" key="MiningSchema">
    <config key="learning">
        <entry key="array-size" type="xint" value="34"/>
        <entry key="0" type="xstring" value="lunch"/>
        <entry key="1" type="xstring" value="test_preparation_course"/>
        <entry key="2" type="xstring" value="math_score"/>
        <entry key="3" type="xstring" value="reading_score"/>
        <entry key="4" type="xstring" value="writing_score"/>
        <entry key="5" type="xstring" value="science_score"/>
        <entry key="6" type="xstring" value="total_score"/>
        <entry key="7" type="xstring" value="male_gender"/>
        <entry key="8" type="xstring" value="Boy_gender"/>
        <entry key="9" type="xstring" value="\tmale_gender"/>
        <entry key="10" type="xstring" value="female_gender"/>
        <entry key="11" type="xstring" value="Girl_gender"/>
        <entry key="12" type="xstring" value="group D_race_ethnicity"/>
        <entry key="13" type="xstring" value="group B_race_ethnicity"/>
        <entry key="14" type="xstring" value="group C_race_ethnicity"/>
        <entry key="15" type="xstring" value="group E_race_ethnicity"/>
        <entry key="16" type="xstring" value="group A_race_ethnicity"/>
        <entry key="17" type="xstring" value="A_race_ethnicity"/>
        <entry key="18" type="xstring" value="C_race_ethnicity"/>
        <entry key="19" type="xstring" value="D_race_ethnicity"/>
        <entry key="20" type="xstring" value="group C\n_race_ethnicity"/>
        <entry key="21" type="xstring" value="B_race_ethnicity"/>
        <entry key="22" type="xstring" value="E_race_ethnicity"/>
        <entry key="23" type="xstring" value="some college_parental_level_of_education"/>
        <entry key="24" type="xstring" value="high school_parental_level_of_education"/>
        <entry key="25" type="xstring" value="master's degree_parental_level_of_education"/>
        <entry key="26" type="xstring" value="associate's degree_parental_level_of_education"/>
        <entry key="27" type="xstring" value="some high school_parental_level_of_education"/>
        <entry key="28" type="xstring" value="bachelor's degree_parental_level_of_education"/>
        <entry key="29" type="xstring" value="C_grade"/>
        <entry key="30" type="xstring" value="A_grade"/>
        <entry key="31" type="xstring" value="B_grade"/>
        <entry key="32" type="xstring" value="D_grade"/>
        <entry key="33" type="xstring" value="Fail_grade"/>
    </config>
    <config key="target">
        <entry key="array-size" type="xint" value="0"/>
    </config>
</config>
